date,return_dji,return_gspc,return_ixic,return_nya,return_rut,return_stoxx,return_vix,vti_returns,voo_returns,vig_returns,qyld_returns
2/19/2019,0.243784941,0.177711061,0.03071824,0.358714851,0.456665617,0.619868388,-5.779569892,0.209785107,0.23100553,0.073675699,-0.134582422
2/20/2019,-0.399964693,-0.352643666,-0.392036177,-0.409436772,-0.386302041,0.129160114,3.138373752,-0.341907438,-0.363268707,-0.257681312,-0.157277206
2/21/2019,0.700871437,0.641110237,0.909285728,0.576385108,0.920948846,0.209887493,-6.569847856,0.658110231,0.599804695,0.618189506,0.427538325
2/22/2019,0.231019936,0.123186237,0.357619114,0.044672025,-0.078613383,0.289246789,9.91857883,0.146086044,0.148083846,-0.009165844,0.291266886
2/25/2019,-0.130188625,-0.079045707,-0.068306087,-0.107327997,-0.713117275,0.283842365,2.154882155,-0.187519225,-0.073935272,-0.247617567,-0.089340753
2/26/2019,-0.279454937,-0.05440492,0.069012506,0.026094916,0.226314695,-0.199130758,-3.098220171,0.034774285,-0.050609362,0.091933516,0.134164143
2/27/2019,-0.26615251,-0.282550847,-0.290951785,-0.355090687,-0.347870076,0.471857301,0.544217687,-0.208661221,-0.233760936,0.036746878,0.0893174
2/28/2019,0.425684184,0.689532053,0.833986918,0.441765071,0.894288697,0.419617858,-8.186738836,0.66915634,0.687300418,0.321365594,0.267724122
3/1/2019,-0.794080452,-0.38805582,-0.234094199,-0.499189345,-0.893288661,0.151566041,7.811348563,-0.463916834,-0.383967475,-0.494229406,0
3/4/2019,-0.050424897,-0.113153309,-0.015967665,-0.101286152,-0.454470641,0.30357128,0.751879699,-0.187830808,-0.116793802,-0.27594265,0.044529978
3/5/2019,-0.51602986,-0.652409859,-0.929733306,-0.684937497,-2.006024589,-0.07574016,6.784260516,-0.759695592,-0.639299839,-0.571850607,-0.133469966
3/6/2019,-0.779912258,-0.812571737,-1.125244632,-0.754269517,-0.858261961,-0.475831417,5.40025413,-0.779541942,-0.804224068,-0.881253571,-0.489974171
3/7/2019,-0.09025253,-0.213168911,-0.179477139,-0.227427692,-0.114857281,-0.763104984,-3.254978903,-0.205265244,-0.201704792,-0.149743944,-0.134273203
3/8/2019,0.788364366,1.466604206,2.023718764,1.177030642,1.774121475,0.634664465,-10.71650534,1.468184017,1.458345529,1.312207216,1.299848797
3/11/2019,-0.375116564,0.295331831,0.436219423,0.171557665,0.061331478,-0.014828231,-3.907885555,0.33552461,0.355449585,0.111021739,-0.044235528
3/12/2019,0.580052594,0.694958369,0.690029844,0.726786776,0.390368568,0.590202645,-2.614379085,0.64095977,0.681104776,0.63765002,0.044255104
3/13/2019,0.027424262,-0.086802259,-0.163539569,-0.111246024,-0.401058564,0.559059961,0.67114094,-0.08307109,-0.034786106,-0.211212484,-0.044235528
3/14/2019,0.540373455,0.49849029,0.755082,0.43924701,0.251672902,1.318062633,-4.592592593,0.464152306,0.48727583,0.303677653,0.841071408
3/15/2019,0.252353276,0.370594692,0.3375183,0.516214334,0.668796088,0.054926728,1.708074534,0.372407553,0.357887981,0.30274491,0.043885992
3/18/2019,-0.103105068,-0.013056154,0.122758955,-0.161328967,-0.57164091,0.621618428,3.511450382,-0.020620624,0.030668348,-0.100612593,0
3/19/2019,-0.547413189,-0.294435364,0.06499291,-0.474422342,-0.760773772,-1.074218744,2.581120944,-0.412296496,-0.356496401,-0.61343607,0.305537138
3/20/2019,0.842238111,1.085248128,1.423084097,0.647940308,1.24744029,-0.147669633,-2.012940331,1.173054542,1.143242505,1.216027588,0.198635451
3/21/2019,-1.772515281,-1.897450128,-2.504031657,-1.902046716,-3.615567538,-1.831381,20.90975789,-2.087044921,-1.901097186,-1.629190235,-0.74893158
3/22/2019,0.056895862,-0.083902083,-0.067121609,-0.029749948,0.460843922,-0.158815149,-0.910194175,-0.06861752,-0.089667373,-0.009263473,0.08876198
3/25/2019,0.552186108,0.718272604,0.706771823,0.843038963,1.011994444,0.577190261,-10.10410288,0.770883557,0.721997785,0.851297345,0.044366086
3/26/2019,-0.125266828,-0.464432498,-0.62588587,-0.392684202,-0.388704387,0.075613414,3.201634877,-0.458987536,-0.464961916,-0.146789484,-0.132990346
3/27/2019,0.35851309,0.358948145,0.337416685,0.324501751,0.845469881,-0.052678474,-4.752475248,0.440148673,0.389277253,0.600072952,0.310702283
3/28/2019,0.821304835,0.673428004,0.784307854,0.508999782,0.302261356,0.946300523,-4.98960499,0.660839559,0.643706627,0.614848502,0.442505732
3/29/2019,1.271720111,1.15686001,1.288474721,1.095941612,1.059923695,1.004559535,-2.261123268,1.160932796,1.152040485,0.793506773,0.484542769
4/1/2019,-0.301956718,0.001745577,0.252650556,-0.132287535,-0.17609301,0.304842244,-0.298507463,-0.006840581,0.034282118,-0.452450081,0.13151129
4/2/2019,0.148973624,0.214837684,0.597040581,0.113501423,0.488636486,1.173840698,2.844311377,0.23911457,0.186562223,0.054533942,0.131370757
4/3/2019,0.635056713,0.208463535,-0.04774867,0.273817371,0.42154614,0.185410032,-1.164483261,0.211267759,0.239451765,0.190791988,0.087442381
4/4/2019,0.152965472,0.463643254,0.594417955,0.458315981,0.96141405,0.160957344,-5.59646539,0.50325935,0.481555965,0.48966568,0.131083778
4/5/2019,-0.317770044,0.10474602,0.191340663,0.120826544,-0.224955696,-0.272951239,2.808112324,0.087980798,0.086762728,0.135352347,0.0435964
4/8/2019,-0.722976773,-0.606749461,-0.560733864,-0.723382714,-1.223555795,-0.606158346,8.345978756,-0.60169994,-0.531576637,-0.567714241,-0.043577402
4/9/2019,0.025162264,0.347787165,0.694885634,0.293005765,1.402210341,0.217426185,-6.862745098,0.462504304,0.344909471,0.299066783,0.087251614
4/10/2019,-0.053940775,0.003812292,-0.211952057,-0.001864113,-0.152384302,0.312154127,-2.105263158,-0.006768732,-0.018883554,0.216869429,0
4/11/2019,1.029910404,0.66093243,0.463050543,0.639552679,0.358425089,0.363573611,-7.757296467,0.670311182,0.676269489,0.784413996,0.043595789
4/12/2019,-0.10423647,-0.062936911,-0.102081995,-0.099158112,-0.355250178,0.076276468,2.581182348,-0.080713698,-0.067571575,0.098404696,0
4/15/2019,0.257309903,0.050935819,0.303663294,-0.034263825,0.229234022,0.373867431,-1.136363636,0.02695084,0.071371774,0.205563579,0.087153582
4/16/2019,-0.011798787,-0.227381198,-0.051872284,-0.348433022,-0.959701706,0.414911316,3.448275862,-0.370112266,-0.243918319,-0.21406474,-0.087077691
4/17/2019,0.415886265,0.157909224,0.024761896,0.120860584,-0.11801327,0.618219359,-4.047619048,0.148576057,0.188075159,0.35752762,0.043534074
4/18/2019,-0.182564471,0.101201777,0.215176691,-0.065231581,-0.364678972,0,2.729528536,0.026981976,0.097650696,-0.302808694,0.217810492
4/22/2019,0.548223626,0.884120581,1.316858992,0.616134499,1.605723339,0.132032419,-1.127214171,1.004650269,0.86268995,0.768273001,0.391136497
4/23/2019,-0.222610198,-0.21917633,-0.231627575,-0.324920845,0.191789682,-0.034824977,7.003257329,-0.13349201,-0.19708993,0.132976477,-0.244330796
4/24/2019,-0.507464922,-0.036897361,0.205756479,-0.298571858,-0.788349818,-0.305769132,0.837138508,-0.167138067,-0.037267431,-0.513505085,0.021867447
4/25/2019,0.307043134,0.468529216,0.341431432,0.605904721,0.906952808,0.243132437,-3.924528302,0.542355192,0.458487362,0.542856316,0.218631979
4/26/2019,0.041669779,0.107152201,0.189656734,0.129775346,0.532106477,0.043709995,2.985074627,0.146519955,0.126162116,-0.017708961,0.087265192
4/29/2019,0.145058991,0.095141707,-0.814275688,0.404294128,-0.447335023,0.362090048,0.076277651,0.006648102,0.063024555,0.672815465,-0.174378212
4/30/2019,-0.612078671,-0.75021632,-0.565136445,-0.87683618,-0.931992406,0,12.80487805,-0.744730719,-0.729609255,-1.125584917,0.043657431
5/1/2019,-0.46292437,-0.212398547,-0.159884377,-0.127994336,0.39774794,-0.73095197,-2.567567568,-0.167486163,-0.19773382,0.035581589,-0.130931061
5/2/2019,0.749436433,0.963827936,1.58309843,0.837772643,1.982118316,0.388372603,-10.74895978,1.080382112,0.949480347,0.83570135,0.437024992
5/3/2019,-0.250778636,-0.447098847,-0.498652144,-0.469477872,0.059476338,-1.128629692,19.96891997,-0.318643029,-0.39619215,-0.308592068,-0.174021843
5/6/2019,-1.790536433,-1.651165143,-1.963862822,-1.527124626,-2.022930402,-1.784317991,25.12953368,-1.724952903,-1.620948961,-1.538864883,-1.264181084
5/7/2019,0.008627869,-0.160542533,-0.256661961,-0.092417498,-0.463884304,0.473370803,0.414078675,-0.162641446,-0.196528989,-0.062866102,0.264916341
5/8/2019,-0.53517517,-0.302142488,-0.412044091,-0.276820537,-0.311746388,-1.947468112,-1.546391753,-0.319025908,-0.306692395,-0.062919579,-0.264216389
5/9/2019,0.441413116,0.372029704,0.080273369,0.446064563,0.18661267,0.308593943,-16.02093717,0.463039746,0.46717118,0.71049592,0.441495024
5/10/2019,-2.379809275,-2.413055715,-3.409397103,-2.04431367,-3.178023402,-1.198138064,28.11719276,-2.528287684,-2.453496326,-1.937854164,-3.076918308
5/13/2019,0.817613531,0.801594457,1.143847064,0.744728977,1.317141103,1.312940141,-12.11678891,0.904027244,0.868105664,0.701212237,1.133790549
5/14/2019,0.45420852,0.583897514,1.13336064,0.255864017,0.337638251,0.636079954,-8.97008909,0.592703003,0.591697301,0.289378065,1.345283826
5/15/2019,0.836946325,0.889528697,0.970320231,0.680274581,0.579354369,1.55887357,-6.995139477,0.904337856,0.916692968,0.901725441,1.061939865
5/16/2019,-0.38155245,-0.583733333,-1.035319123,-0.633758716,-1.379362214,-0.375743502,4.381948986,-0.706118865,-0.605585184,-0.464718004,-0.788089894
5/17/2019,-0.326422951,-0.674937798,-1.457213727,-0.322572854,-0.703238066,-1.630640282,2.19297619,-0.711193984,-0.68160777,-0.323212402,-1.01498679
5/20/2019,0.768810174,0.849583561,1.082007552,0.823663081,1.330529294,0.496471012,-8.338437053,0.977991878,0.84731936,0.684565975,0.780214614
5/21/2019,-0.389223705,-0.282439592,-0.448004424,-0.383071823,-0.881410451,0.006199923,-1.337792642,-0.361483077,-0.273729323,-0.187866789,-0.241146162
5/22/2019,-1.110071025,-1.191415019,-1.581248761,-1.159961705,-1.97502007,-1.757453244,14.71186441,-1.273193646,-1.170367808,-0.887337011,-1.119082174
5/23/2019,0.373546456,0.135355923,0.114442328,0.44998285,0.847885276,0.706299602,-6.323877069,0.242678974,0.173591526,0.153739426,-0.316893622
5/24/2019,-0.929894512,-0.837567692,-0.388367554,-0.917706494,-0.666395777,-0.451241122,10.41009464,-0.878416397,-0.89724975,-1.011293233,0.045443348
5/28/2019,-0.873289363,-0.691191224,-0.789237228,-0.639267341,-0.935497454,-1.524400732,2.285714286,-0.683821953,-0.687741987,-0.574659976,-1.044055159
5/29/2019,0.173008013,0.209847107,0.270429542,0.06014911,-0.296649025,0,-3.351960894,0.19672656,0.277785514,0.431185088,0.825699079
5/30/2019,-1.409787349,-1.319537251,-1.513934312,-1.042225786,-1.349016082,-0.527020256,8.150289488,-1.346325676,-1.338273688,-0.931746516,-1.31940022
5/31/2019,0.019102263,-0.276524052,-1.611800159,0.630520124,0.306381485,0.603275772,0.801721048,-0.199030028,-0.296589578,0.239735539,-2.351300151
6/3/2019,2.064484075,2.14323708,2.646932594,1.772508102,2.624530914,1.008115195,-10.02121898,2.24341997,2.201334637,1.858151296,2.785643676
6/4/2019,0.818684486,0.816185449,0.642474974,0.430872752,-0.117331756,0.193789722,-5.185616098,0.766234262,0.846049084,1.21015162,0.734983968
6/5/2019,0.70905595,0.613558679,0.528941072,0.48324542,-0.497746853,-0.046109643,-0.994406464,0.559949519,0.650363594,0.579987347,0.51067838
6/6/2019,1.023610185,1.049769758,1.661735479,0.711601565,1.007141754,1.197275711,2.322655367,0.907384022,0.997931671,1.002493517,1.896364914
6/7/2019,0.303034246,0.466004427,1.047129629,0.283333203,0.605527236,0,-2.208582958,0.558635774,0.469447427,0.210804676,0.756952231
6/10/2019,-0.05436863,-0.034987997,-0.007670778,0.092796867,-0.292083924,0.672518064,0.313676286,-0.094844484,-0.018860666,-0.280496124,0.309337107
6/11/2019,-0.167685938,-0.20375792,-0.381583158,-0.226941485,0.044766607,-0.425456899,-0.500312695,-0.135622848,-0.188417886,0.272491665,-0.44058149
6/12/2019,0.392001996,0.409738202,0.569886596,0.333830702,1.053435645,0.114276349,-0.565681961,0.46171925,0.445548846,0.289275786,0.486765665
6/13/2019,-0.065730676,-0.161151221,-0.516384539,-0.313931018,-0.86600134,-0.333580858,-3.413400759,-0.216262042,-0.15037493,-0.008737036,-0.132129524
6/14/2019,0.087850767,0.093174945,0.620263844,-0.091659363,0.673234811,0.118964014,0.458115183,0.072744716,0.090363017,-0.3748113,0.573189554
6/17/2019,1.35187887,0.971739983,1.387630149,1.0327598,1.140432556,2.059580481,-1.302931596,1.09382147,0.99675311,0.84580871,0.745284495
6/18/2019,0.145324593,0.298516357,0.420423007,0.361187384,0.345108537,0.052421538,-5.412541254,0.342734417,0.26442537,0.340739963,0.304615328
6/19/2019,0.940121951,0.947218529,0.801520678,0.9839368,0.508494209,0.387302145,2.930914166,0.917542516,0.932331337,1.079668937,0.130180584
6/20/2019,-0.127233756,-0.125922289,-0.243808899,-0.262200054,-0.886477374,-0.033452399,4.406779661,0.013283334,-0.117767383,-0.301500555,-0.130011334
6/21/2019,0.031468853,-0.173188692,-0.323838462,-0.208931272,-1.261594635,-0.327375718,-0.909090909,-0.557384582,-0.12895808,0.008648938,0.173551465
6/24/2019,-0.670912348,-0.94963974,-1.511173002,-0.64001692,-0.590813373,-0.324402654,6.6841481,-0.947554677,-0.988709062,-0.639308219,-0.909487068
6/25/2019,-0.0429422,-0.123393392,0.320239645,-0.190471446,0.055881238,-0.040941015,-0.429987689,-0.188648269,-0.096872994,-0.704289457,0.330912636
6/26/2019,-0.038588779,0.38231757,0.730591259,0.412875671,1.620355857,-0.016557545,-2.40591625,0.600714086,0.350930577,0.402816127,0.219865068
6/27/2019,0.276631438,0.575745267,0.482952161,0.65088749,1.294487496,0.909546856,-4.677623262,0.697747054,0.552876635,0.436058815,0
6/28/2019,0.441612491,0.767230091,1.06067167,0.597564768,0,0.6880334,-6.763925729,0.706248514,0.850845683,0.633904505,1.228614452
7/1/2019,0.259194095,0.292812601,0.221596009,0.189365945,-0.384911444,0.297058596,-8.036984353,0.231551175,0.291048285,0.336522121,0.173406054
7/2/2019,0.66943837,0.767237847,0.753970386,0.663904059,0.74204799,0.930732307,-2.784222738,0.752490729,0.767728803,0.937394235,0.389424974
7/3/2019,-0.162726615,-0.180590152,-0.103301144,-0.218732969,0.222629317,-0.45624261,5.648369133,-0.058977133,-0.127593938,-0.230052039,0
7/5/2019,-0.43079267,-0.483544445,-0.776914815,-0.482104777,-0.903135277,-0.119614341,5.120481928,-0.537524816,-0.500043873,-0.273261676,-0.258612988
7/8/2019,-0.084497024,0.123655709,0.535293449,-0.078572346,0.076851459,-0.397586951,0.931232092,0.177941072,0.124715521,-0.051375085,0.302502607
7/9/2019,0.286403991,0.451068942,0.746773636,0.276854864,0.157436247,-0.234489066,-7.523066004,0.407902307,0.465304344,0.257019807,0.258496413
7/10/2019,0.848396012,0.228522682,-0.07912478,0.193270014,-0.455576804,-0.136798875,-0.767459708,0.137601046,0.200581826,0.538370747,0.171910552
7/11/2019,0.900577739,0.462017474,0.586864007,0.273057082,0.775389985,0.025735559,-4.176334107,0.51035713,0.491308647,0.552497892,0.085787287
7/12/2019,0.099263976,0.017586909,0.170433576,-0.010352421,-0.521022548,0.13123424,2.340597256,-0.065089588,0.025387319,0.050721066,0
7/15/2019,-0.086001532,-0.34037786,-0.428551815,-0.28865785,0.011528474,0.546514387,1.41955836,-0.254048215,-0.325885291,-0.118285679,0.042877337
7/16/2019,-0.423554337,-0.653124351,-0.457141666,-0.570061519,-0.718308003,-0.561715598,8.631415241,-0.659613226,-0.675672597,-0.752843319,-0.04285896
7/17/2019,0.011466243,0.35819976,0.269147317,0.371422107,0.312098809,-0.535472546,-3.149606299,0.368141366,0.365725886,0.494338747,0
7/18/2019,-0.252622995,-0.617673452,-0.740200095,-0.430642054,-0.496263292,-0.07609174,6.799704361,-0.569847492,-0.535664551,-0.483431261,-0.471481917
7/19/2019,0.065187605,0.282869496,0.707659524,-0.01693643,-0.201563082,0.2798703,-6.366782007,0.237163178,0.241800036,0.008523989,0.645980683
7/22/2019,0.652472074,0.684748287,0.576059709,0.669348151,0.658989099,1.230692851,-6.799704361,0.670331586,0.687101812,0.579466093,0.427906724
7/23/2019,-0.289656665,0.468814799,0.849548024,0.283463547,1.637346532,0.000843082,-4.282315623,0.613652906,0.461020174,0.652380225,0.326172185
7/24/2019,-0.473012001,-0.526240137,-0.99693518,-0.495957671,-1.200319692,-0.643946917,5.550952775,-0.53202912,-0.487792343,-0.033676928,-0.474848752
7/25/2019,0.189634822,0.738769092,1.112696201,0.502760292,1.122035323,0.407961751,-4.552590267,0.724049801,0.715285979,0.446283844,0.58456943
7/26/2019,0.106280938,-0.161611437,-0.442724531,-0.097386937,-0.629520648,-0.025248988,5.509868421,-0.239624988,-0.180246572,0.117350582,-0.085452337
7/29/2019,-0.085705075,-0.257865489,-0.23777814,-0.267726191,1.05606309,-1.723530576,8.651597818,-0.097361167,-0.241994104,-0.04186032,-0.256631995
7/30/2019,-1.227111406,-1.088552617,-1.186790601,-0.914600984,-0.69311246,0.115511786,15.63845768,-1.091691616,-1.133204844,-1.382133694,-0.600340208
7/31/2019,-1.045439217,-0.89987938,-0.786501557,-1.115663603,-1.5146592,0,10.85607873,-0.926370607,-0.838566119,-0.654042593,-0.517687384
8/1/2019,-0.370193738,-0.728274001,-1.319796667,-0.629298644,-1.10268358,-2.617072514,-1.454952353,-0.809002569,-0.731197743,-0.572845722,-1.344317158
8/2/2019,-2.896995466,-2.977782014,-3.473605192,-2.665212319,-3.015661814,-1.930920191,39.6365622,-2.968311546,-2.950040084,-2.743155329,-3.076923958
8/5/2019,1.212312179,1.301701742,1.387903511,1.046865946,0.986945877,-0.582012317,-17.9747865,1.302197884,1.287938308,1.450054783,1.54195195
8/6/2019,-0.086245226,0.076687591,0.377365493,0.038171204,-0.093205136,0.556864272,-3.37134358,0.108820803,0.068124821,0.575212969,0.357318036
8/7/2019,1.426993258,1.876230361,2.242577752,1.550391615,2.09504063,1.975531443,-13.23755772,1.902300244,1.951447876,1.880418592,2.269700504
8/8/2019,-0.344034226,-0.661660651,-0.995377844,-0.626716947,-1.245975599,-1.233635752,6.268474276,-0.713381237,-0.697384844,-0.493323514,-0.783327853
8/9/2019,-1.48740238,-1.231732212,-1.202767879,-1.272155208,-1.132819658,-0.215671919,17.36227698,-1.235554029,-1.17295574,-1.171033829,-1.052605164
8/12/2019,1.480785433,1.513168826,1.945081128,1.097389812,0.981344459,0.920168419,-16.92745377,1.427773443,1.549753069,1.470326968,1.994675551
8/13/2019,-3.04601587,-2.929275268,-3.024064864,-2.800223643,-2.850556558,-2.039222521,26.14155251,-2.889101651,-3.011239362,-2.523022903,-3.085622013
8/14/2019,0.39235863,0.246426803,-0.094158484,0.335463025,-0.399994271,-0.180007969,-4.162895928,0.186356394,0.314689146,0.69955457,0.134554305
8/15/2019,1.198696034,1.442612466,1.665719644,1.376925466,2.188621796,1.410391455,-12.79509443,1.515777727,1.465234763,1.267802754,1.567369
8/16/2019,0.964920045,1.210586525,1.352836336,0.854503142,1.018315046,1.204833229,-8.608554879,1.187726542,1.229176377,0.874639108,0.749580889
8/19/2019,-0.663265263,-0.79147274,-0.677886887,-0.697514397,-0.7184257,-0.562745388,3.672991924,-0.764644148,-0.77474733,-0.467536316,-0.306359763
8/20/2019,0.925533274,0.824679864,0.901419898,0.774636342,0.790379632,1.333040217,-9.714285714,0.844890311,0.810819343,0.777179209,0.297077771
8/21/2019,0.188948877,-0.050607504,-0.359340019,-0.067337154,-0.254990632,-0.625056237,5.569620253,-0.087136118,-0.037223899,-0.050850026,0
8/22/2019,-2.374425335,-2.594633684,-2.998478524,-2.143757137,-3.088314077,-1.168458175,19.12470624,-2.52230886,-2.566489399,-2.424955261,-1.8567517
8/23/2019,1.053223833,1.098298795,1.315444263,0.830913187,1.131217762,0.437582305,-2.767996841,1.011607512,1.108682479,1.060141769,0.945929034
8/26/2019,-0.46693108,-0.320318074,-0.341111855,-0.363991172,-1.352300881,0.645891784,5.124218427,-0.463243385,-0.393241161,0.137574203,-0.044640089
8/27/2019,1.001630133,0.654548006,0.382392723,0.682862946,1.144880742,-0.151020126,-4.726730907,0.711825807,0.694691322,0.566724649,0.357159779
8/28/2019,1.252685294,1.268729189,1.48290741,1.15293532,1.630328485,1.365379143,-7.596904393,1.325275183,1.300603444,1.152646813,0.800696074
8/29/2019,0.155636552,0.064278732,-0.131816628,0.258576289,-0.125608333,0.452314248,6.152131217,-0.033552835,-0.040928442,-0.042212554,0
8/30/2019,-1.080395215,-0.689910037,-1.114166336,-0.576903391,-1.509187439,-0.343770178,3.582718651,-0.650821768,-0.55474708,-0.531992961,-0.441279297
9/3/2019,0.909146927,1.084207895,1.304516608,1.049638469,0.847663539,0.879636806,-11.85147508,1.067055102,1.070751355,1.180063287,0.797861833
9/4/2019,1.414050586,1.300981374,1.754447817,0.949018546,1.750450566,0.981499298,-6.116560877,1.336453121,1.322345237,0.990108405,0.527695872
9/5/2019,0.25931666,0.091060517,-0.169527437,0.120919705,-0.369350058,0.301029935,-7.805777505,0.019787386,0.073115348,0.16616029,0.131243008
9/6/2019,0.141986691,-0.009401016,-0.192888416,0.211389786,1.266297856,-0.004861567,1.8,0.059340249,0.025572933,-0.481081804,-0.087377242
9/9/2019,0.275455628,0.032230438,-0.040554057,0.256469044,1.140248206,0.113589335,-0.458415193,0.098838375,0.021899194,-0.416742544,0.306087798
9/10/2019,0.845835001,0.722968117,1.057871422,0.680702382,2.211971662,0.509577851,-3.881578947,0.816223294,0.719331185,0.493807728,0.043578057
9/11/2019,0.167336443,0.287915286,0.303433555,0.25713648,-0.040617564,0.626703629,-2.669404517,0.300327332,0.293651833,0.641296221,0
9/12/2019,0.136375908,-0.07244141,-0.216728679,0.063205303,0.19491636,0.317898975,-3.375527426,-0.09763739,-0.025326609,-0.140702185,0.08713348
9/13/2019,-0.524253258,-0.313558678,-0.283364851,-0.124649127,0.409340169,-0.89180772,6.768558952,-0.202917635,-0.328987692,-0.720954343,0.130614517
9/16/2019,0.125496523,0.258175229,0.398354345,0.178743683,-0.39820378,0.079866391,-1.567825494,0.242689034,0.272046771,0.442395816,0
9/17/2019,0.133818611,0.034269189,-0.105422207,-0.092149936,-0.630433745,0.192545537,-3.393351801,-0.013098329,0.061513125,0.099731645,-0.021716894
9/18/2019,-0.19262114,0.001997486,0.067133228,-0.061432882,-0.438042462,0.697550559,0.716845878,-0.065437947,-0.021690608,-0.033208767,0.065231136
9/19/2019,-0.58948143,-0.489557661,-0.796907225,-0.133093298,-0.109509695,0.527493322,9.039145907,-0.43875558,-0.535207968,-0.573046651,-0.651911614
9/20/2019,0.055392174,-0.00969359,-0.064180498,-0.06468502,-0.096810406,-0.963768254,-2.676240209,0.052634606,0.069074868,0.100226906,0.04375109
9/23/2019,-0.527720796,-0.841637111,-1.46478477,-0.711256892,-1.582546703,-0.139099909,14.35277666,-0.926900066,-0.828371456,-0.342016907,-0.961959454
9/24/2019,0.607814115,0.615857156,1.047709254,0.349058492,1.112426292,-0.538498032,-6.392956387,0.630345468,0.611822992,0.496294654,0.867626855
9/25/2019,-0.295104557,-0.242891641,-0.578402003,-0.068034845,-1.116955324,0.545110712,0.689223058,-0.303314486,-0.197201349,0.03347785,-0.352869171
9/26/2019,-0.263541062,-0.531635245,-1.133534121,-0.435650446,-0.838043759,0.387861073,7.156185439,-0.595224873,-0.560879456,-0.510418641,-0.841079032
9/27/2019,0.360101334,0.504760662,0.752049678,0.252542509,0.190072545,0.664717046,-5.691051434,0.465726832,0.494001022,0.571912993,0.892845036
9/30/2019,-1.277234407,-1.22583733,-1.133339373,-1.302529862,-1.965375523,-1.434393302,14.28570813,-1.304637688,-1.203236193,-1.30456705,-0.637179145
10/1/2019,-1.860607365,-1.790320313,-1.56069247,-1.767929413,-0.924050575,-2.982731216,10.77586265,-1.623844839,-1.763687043,-1.516692734,-1.585317861
10/2/2019,0.469426396,0.797191281,1.117623275,0.613397901,0.454165634,0.118947823,-7.003881664,0.811692009,0.793733316,0.567839087,1.176481182
10/3/2019,1.422392597,1.42168976,1.399984913,1.149163822,0.965450616,0.858550376,-10.87866052,1.305817482,1.387477503,1.35169671,1.252240074
10/4/2019,-0.360134635,-0.447829477,-0.327970857,-0.419353639,-0.193903651,0.711694029,4.81220629,-0.394041285,-0.42905082,-0.548658976,-0.132532743
10/7/2019,-1.185815531,-1.556081904,-1.665477922,-1.462152733,-1.681815364,-1.10853701,13.54983127,-1.615925593,-1.552681238,-1.451361771,-1.326823762
10/8/2019,0.695499279,0.910449229,1.022018145,0.796209319,0.465841716,0.854999968,-8.086794473,0.920052385,0.931973592,0.938757223,1.030945204
10/9/2019,0.571851895,0.641569556,0.59515558,0.589700572,0.398795787,0.91995497,-5.740338291,0.641540139,0.680367354,0.546069277,0.532333118
10/10/2019,1.207396714,1.093897761,1.336475879,1.260535187,1.786774874,2.17403639,-11.32612408,1.073619106,1.043379394,0.984393883,0.838501696
10/11/2019,-0.10900144,-0.138711901,-0.104134235,-0.237490409,-0.427936365,-0.382639171,-6.48267009,-0.092933016,-0.091874454,-0.277314101,0.262598925
10/14/2019,0.886393476,0.995567688,1.2431906,0.851569796,1.187035887,1.191979548,-7.069320522,0.983444086,0.967336739,0.556170541,0.916622987
10/15/2019,-0.08444211,-0.199954305,-0.301026606,-0.085732406,0.115539286,0.016675643,1.033973412,-0.184258128,-0.156650174,0.008375848,-0.04323188
10/16/2019,0.08851347,0.276283165,0.402131923,0.341217372,1.100278438,-0.295336056,0.804093567,0.329627134,0.270004617,0.318418651,0.173057705
10/17/2019,-0.946062189,-0.391934495,-0.825196714,-0.249944359,-0.412493264,-0.25665032,3.335750544,-0.400805227,-0.411171848,-0.400939799,-0.907125354
10/18/2019,0.214572202,0.687161621,0.907965034,0.630221996,1.102590344,0.577474123,-1.754385965,0.653098342,0.697863738,0.327075605,0.653870929
10/21/2019,-0.147389092,-0.356866655,-0.718981982,-0.127973861,-0.099203108,0.13166346,3.285714286,-0.301484605,-0.351958245,-0.401228592,-0.324799016
10/22/2019,0.171156635,0.284714903,0.191135994,0.325349987,0.12831443,0.057418261,-3.112033195,0.203798087,0.294935247,-0.209830304,-0.035040605
10/23/2019,-0.105910322,0.192044618,0.812949173,0.034395371,-0.281415906,0.401460106,-2.141327623,0.275555757,0.163377722,0.134563709,0.547502833
10/24/2019,0.569029055,0.407270058,0.700240824,0.208400416,0.659995936,0.091396761,-7.731582786,0.399110706,0.416832569,0.193186357,0.413856912
10/25/2019,0.492098294,0.558133785,1.005324632,0.305710631,0.848143229,0.027864778,3.636363636,0.6060546,0.581143719,0.226334505,0.130156173
10/28/2019,-0.071093587,-0.083240522,-0.590207574,0.175939929,0.326979689,-0.099287392,0.686498856,-0.019429683,-0.064598033,0.167279535,-0.086642981
10/29/2019,0.425645721,0.325337017,0.32779211,0.260263787,-0.267582932,-0.049696417,-6.590909091,0.239717342,0.351919618,0.434208674,0.216847872
10/30/2019,-0.516646149,-0.302286058,-0.139934301,-0.5451536,-0.661221678,-0.438642397,7.218167072,-0.349027907,-0.322066268,-0.557034769,0.086520483
10/31/2019,1.113385861,0.9662312,1.134056348,0.975264335,1.720375426,0.536289669,-6.959152799,1.070185447,0.951371032,0.526704373,0.216166647
11/1/2019,0.419601755,0.370408924,0.558043998,0.414810383,0.507765425,1.14439698,4.308943089,0.365780778,0.398289424,-0.291079177,0
11/4/2019,0.111140348,-0.118569943,0.017543672,-0.118682615,0.138347375,0.308578748,2.104442712,-0.089514296,-0.127505714,-0.033359717,0.21571532
11/5/2019,-0.000255749,0.070249719,-0.285130033,0.089811375,-0.629525078,0.332378715,-3.664122137,-0.044797248,0.053174037,0.342095861,0
11/6/2019,0.662871084,0.27300954,0.284041128,0.329395651,0.279952118,0.48634336,0.87163233,0.339334732,0.354496826,0.149676868,-0.086093437
11/7/2019,0.02326829,0.256067593,0.483608329,0.091448281,0.305522308,-0.189658404,-5.184603299,0.280757969,0.243710372,0.166051331,0.172315342
11/8/2019,0.037028688,-0.196246714,-0.130134444,-0.146777908,-0.255805076,-0.076489237,5.136702568,-0.197248819,-0.193799111,-0.190643485,0
11/11/2019,0,0.156464604,0.257665983,-0.003734654,0.021945171,0.416030067,-0.078802206,0.172123848,0.19770361,0.124569527,0
11/12/2019,0.332591743,0.071153454,-0.04702089,-0.01919917,-0.372382079,-0.342113872,2.523659306,0.044561821,0.042286103,0.348370748,-0.08599953
11/13/2019,-0.005862835,0.083704282,-0.036312684,0.051925059,-0.024541901,-0.288956372,0.384615385,0.10178967,0.133832635,0.247983876,0.086073553
11/14/2019,0.802426033,0.769548797,0.728982246,0.753882624,0.482122358,0.618086799,-7.662835249,0.762630297,0.745664374,0.387528719,0.602155645
11/15/2019,0.111873595,0.050315275,0.106668227,-0.067816039,-0.257445277,-0.18025021,3.402489627,0.056766322,0.062843425,0,0.085529212
11/18/2019,-0.364532628,-0.059259424,0.242337665,-0.129488339,0.373668508,-0.225642205,3.210272873,0.031506554,-0.048846292,0.065700987,0.170862915
11/19/2019,-0.404272958,-0.375618434,-0.512558965,-0.349387959,-0.417950049,-0.343026376,-0.622083981,-0.315076577,-0.352568169,-0.36115474,-0.27951404
11/20/2019,-0.19697568,-0.158275225,-0.24066092,-0.095980291,-0.480646897,-0.114552351,2.738654147,-0.252860675,-0.154141724,-0.387190238,-0.129351368
11/21/2019,0.393751134,0.217493569,0.160705203,0.257565205,0.314400624,0.208175652,-6.016755522,0.221805296,0.221040282,0.305999126,-0.043210876
11/22/2019,0.684654074,0.750729151,1.321736369,0.684024951,2.074344168,0.552158848,-3.808752026,0.948528227,0.759669191,0.403990448,0.777558187
11/25/2019,0.196707971,0.21955704,0.178852841,0.19818615,0.143655957,-0.057445169,-2.780117944,0.212984347,0.201530154,0.54196038,0.128604598
11/26/2019,0.150489987,0.417442427,0.662008158,0.353327292,0.60767232,0.197003114,1.819757366,0.475065826,0.471550173,0.473695719,0.18406055
11/27/2019,-0.399765104,-0.401121992,-0.456164748,-0.458641228,-0.587477886,-0.024292262,7.404255319,-0.447921646,-0.383084998,-0.39018464,-0.055553196
11/29/2019,-0.956711593,-0.863102063,-1.124918742,-0.715752619,-1.041553955,-2.076913807,18.14580032,-0.906130199,-0.814133992,-0.840533702,-0.513044975
12/2/2019,-1.008631616,-0.663809511,-0.552645191,-0.611007844,-0.307913207,-0.43207586,7.042253521,-0.592817351,-0.702042729,-0.576086349,-0.343782317
12/3/2019,0.534377204,0.63235676,0.540220874,0.687410335,0.703220267,1.357800219,-7.268170426,0.647080412,0.640174456,0.653922487,0.258717551
12/4/2019,0.101301951,0.150025122,0.04704597,0.18078565,0.057620174,-0.324865354,-1.891891892,0.144985665,0.185248594,0.238480612,0.215080191
12/5/2019,1.218563677,0.913572418,1.001436009,0.786143577,1.177214352,1.211859402,-6.198347107,0.887452139,0.889623892,0.689153345,0.472104867
12/6/2019,-0.376443727,-0.316282134,-0.4008557,-0.244473189,-0.258285456,-0.545999434,16.44640235,-0.3181663,-0.304296566,-0.219997247,-0.04272496
12/9/2019,-0.099890025,-0.109693397,-0.065535854,-0.072008059,0.128248672,-0.010890071,-1.134930643,-0.087630949,-0.093650633,-0.30214514,0
12/10/2019,0.106091293,0.290815795,0.439523297,0.255515401,0.013488488,0.426766361,-4.400510204,0.238053885,0.260387854,0.360398219,0.17092395
12/11/2019,0.790898288,0.85752256,0.731108665,0.865176192,0.789249819,0.512553316,-7.00466978,0.818630048,0.879518882,0.693704115,0.341313452
12/12/2019,0.01183731,0.007258195,0.201433117,-0.000513323,-0.415250318,0.666962628,-9.397417504,0,0.037764253,0.267462788,0.06377311
12/13/2019,0.357236202,0.714778517,0.908433625,0.714084254,0.730165273,1.116835686,-3.879651623,0.731427803,0.706826933,0.412258679,0.191211995
12/16/2019,0.110743916,0.033529243,0.103581169,0.001444116,0.461842144,-0.727851934,1.235584843,0.036925397,0.020439604,-0.064406129,0.021184185
12/17/2019,-0.098633392,-0.043230019,0.049639614,0.027982995,0.251569829,-0.16767849,2.359641985,0.043067925,0.006819013,-0.316488071,0.021208832
12/18/2019,0.487553664,0.445929181,0.673779375,0.235230575,0.322554571,0.004544584,-0.635930048,0.436544798,0.415554291,0.479086698,0.042394105
12/19/2019,0.275325135,0.494478123,0.424657375,0.416291585,0.288530199,0.99995822,0.08,0.514226356,0.50882354,0.598031952,0.550836447
12/20/2019,0.338918111,0.086614358,0.231826586,0.077327674,0.133978765,0.00264402,0.799360512,0.060893093,0.098018328,-0.032131003,0.02109854
12/23/2019,-0.126368285,-0.019544821,0.080815723,-0.034896327,0.231163162,0,0.475812847,0.022040397,0,0.04820872,0.105316053
12/24/2019,0.371522837,0.512816658,0.776395595,0.325871313,-0.02026007,0,-0.157853197,0.483358304,0.511574856,0.273090955,0.21041533
12/26/2019,0.083396161,0.00339849,-0.174782199,0.026683027,-0.515000851,0.148546815,6.166007905,-0.091339934,0,0.18424378,-0.083975938
12/27/2019,-0.639265074,-0.578082261,-0.673170204,-0.487583019,-0.292385692,-0.893644526,10.34996277,-0.542419446,-0.549417539,-0.415769257,-0.21163741
12/30/2019,0.268071292,0.294602159,0.297444713,0.265778915,0.259588795,0,-7.01754386,0.263490649,0.257587071,0.088321648,0.148464244
12/31/2019,1.157601237,0.837880288,1.33284473,0.64299408,-0.10188682,0,-9.506531205,0.831212287,0.885738658,0.545475123,0.529434463
1/2/2020,-0.810286246,-0.705987056,-0.785519172,-0.610180243,-0.353979549,0.664274923,12.4298316,-0.636456838,-0.730538156,-0.430826493,-0.105352242
1/3/2020,0.239218736,0.353337269,0.56203848,0.177839415,0.143901389,-0.552559022,-1.212553495,0.3416162,0.374713334,0.064097235,0.168718337
1/6/2020,-0.417028125,-0.280323845,-0.031854254,-0.310932667,-0.297605364,0.179345612,-0.433212996,-0.237087174,-0.275768449,-0.272254259,0.084207502
1/7/2020,0.564693412,0.490245131,0.668904674,0.258951426,0.31839082,0.354061555,-2.46555475,0.493594351,0.515971401,0.473739584,0.210336848
1/8/2020,0.736858184,0.66552625,0.812657484,0.453623964,0.084156795,0.618143214,-6.765799257,0.624588233,0.691131271,0.647323888,0.041999124
1/9/2020,-0.459755216,-0.285517853,-0.26695848,-0.283480891,-0.441442594,-0.167546477,0.159489633,-0.289260561,-0.286550713,-0.341427126,0.020978815
1/10/2020,0.288932542,0.69762152,1.035742264,0.606683247,0.722109137,-0.259665814,-1.910828025,0.682931112,0.661629002,0.621465544,0.062937559
1/13/2020,0.11284147,-0.151453293,-0.243689685,-0.039312436,0.367151913,-0.126996177,0.568181818,-0.054024285,-0.13278665,0.063346649,0.083854427
1/14/2020,0.312895003,0.187019697,0.079665485,0.114699986,0.397438388,-0.156824116,0.242130751,0.24625711,0.222714414,0.48271413,-0.062835746
1/15/2020,0.921177709,0.836655317,1.06310482,0.630102838,1.356392456,0.137436642,-0.805152979,0.856745549,0.835794824,0.842647697,0.104793679
1/16/2020,0.172228831,0.386216207,0.339960516,0.292890437,-0.327227929,0.90405014,-1.785714286,0.2494882,0.338780208,0.421707838,0.376885176
1/17/2020,-0.518127402,-0.265197761,-0.193108691,-0.516242632,-0.808405949,-0.260853742,6.198347107,-0.213317849,-0.206522167,0.00777799,-0.004208263
1/21/2020,-0.03346184,0.028907609,0.138301402,0.001841002,-0.085418054,-0.510146879,0.46692607,0.059383006,0.026287009,0.116641749,-0.084154576
1/22/2020,-0.089698641,0.114097659,0.19939682,-0.058115205,0.032654323,-0.873787152,0.542215337,0.112768121,0.098518439,-0.054381433,0.168427169
1/23/2020,-0.584221022,-0.904216087,-0.931353309,-0.876258411,-1.351922532,1.132232037,12.17257319,-0.94849764,-0.912045515,-0.691623916,-0.378303782
1/24/2020,-1.56582928,-1.573071169,-1.885155982,-1.494227352,-1.088294954,-2.681014468,25.20604396,-1.502171122,-1.589243924,-0.970340226,-1.350207489
1/27/2020,0.655488274,1.005358446,1.426476661,0.784414551,0.861851416,1.125113708,-10.69664838,0.966087719,1.08333947,0.608454879,1.240366968
1/28/2020,0.040384607,-0.086687422,0.059122518,-0.243563417,-0.548153703,0.460852978,0.675663349,-0.066207594,-0.099849383,-0.227778812,0.04225744
1/29/2020,0.434983921,0.313435886,0.256270852,0.130819136,-0.060634725,-1.219905916,-5.491147376,0.240896339,0.313163201,0.590409576,0.253370868
1/30/2020,-2.090858892,-1.77058202,-1.591465502,-1.787777699,-2.072533557,-1.351208054,21.62685604,-1.766190229,-1.793469805,-1.886050176,-0.968832008
1/31/2020,0.508851575,0.725461378,1.338222688,0.468781005,1.124487401,0.559203839,-4.617839703,0.880623697,0.727098222,0.63014298,0.978310191
2/3/2020,1.435996593,1.498041416,2.098144454,1.351959385,1.504711991,1.939491177,-10.68447472,1.576125402,1.541095484,1.40297467,0.926713421
2/4/2020,1.677398438,1.125059574,0.429975614,1.168739665,1.518015397,1.220703126,-5.607470754,0.984729795,1.130850214,1.109983722,-0.041736559
2/5/2020,0.303575769,0.332567291,0.667502798,0.071942556,-0.265178063,0.732691997,-1.254125413,0.277750008,0.340035953,0.04638428,0.334031886
2/6/2020,-0.943709802,-0.540085357,-0.539488233,-0.734028305,-1.232812257,-0.18473244,3.409090909,-0.571663138,-0.508335728,-0.602735771,-0.041605592
2/7/2020,0.598953659,0.732639782,1.133131362,0.377196714,0.657299992,-0.139793918,-2.779573368,0.734995226,0.717262535,0.528639752,0.291407318
2/10/2020,-0.001641124,0.168847252,0.109579923,0.497691774,0.590042739,0.861023115,0.930851064,0.2765592,0.182091229,0,-0.124529317
2/11/2020,0.939598596,0.646264642,0.90279146,0.589867074,0.707596076,0.747282776,-9.486166008,0.627850348,0.642697279,0.54133473,0.166247676
2/12/2020,-0.433513433,-0.163044581,-0.143844248,-0.268377183,0.258081958,-0.199509192,2.983988355,-0.040807002,-0.09674481,0.169224862,0.124487004
2/13/2020,-0.085749933,0.184353341,0.197796755,-0.012058942,-0.363694194,-0.149997635,-3.32155477,0.163340362,0.167862028,0.353230203,-0.082880361
2/14/2020,-0.564290677,-0.291994262,0.016036555,-0.413766559,-0.240577401,-0.434176191,8.406432749,-0.232965562,-0.273942413,-0.298431424,0.08294911
2/18/2020,0.39627495,0.47057858,0.867581503,0.342760051,0.537559749,0.74650317,-3.034389751,0.507879695,0.481534608,0.176517885,0.082861666
2/19/2020,-0.436311504,-0.38155198,-0.674429552,-0.182076933,0.206786137,-1.091797866,8.205841446,-0.302029785,-0.392385491,-0.298785559,0
2/20/2020,-0.778817471,-1.051810289,-1.788333754,-0.609467802,-1.029436377,-0.591164409,9.768637532,-1.025332642,-1.036488039,-0.568621299,-1.710116407
2/21/2020,-3.558204956,-3.351362654,-3.710188875,-3.160182454,-3.009037802,-4.010122874,46.5456733,-3.290373078,-3.344334246,-2.619773609,-2.421388034
2/24/2020,-3.145265448,-3.027999567,-2.772607636,-2.884484877,-3.451873523,-2.068815356,11.26647578,-3.055379034,-3.004315559,-2.87279086,-2.442205082
2/25/2020,-0.457028502,-0.377854049,0.169201208,-0.738834018,-1.217635582,0.144713996,-1.04129623,-0.552486068,-0.441977654,-0.66182248,0.670525778
2/26/2020,-4.417862375,-4.416324264,-4.613182724,-3.827582259,-3.534996693,-3.403323168,42.08999064,-4.381320542,-4.432467699,-4.211211965,-4.795730809
2/27/2020,-1.386603924,-0.823834042,0.010385222,-1.325232804,-1.431361939,-3.658358262,2.425947395,-0.673439373,-0.603545808,-1.330922115,-0.233231488
2/28/2020,5.092457936,4.603922874,4.491457702,3.61054519,2.848759133,0.280526087,-16.67913945,4.141181164,4.463825959,4.56878395,5.049108615
3/2/2020,-2.943117739,-2.810789603,-2.994582099,-2.22365308,-2.134359411,0.992560035,10.17355537,-2.578670534,-2.758313183,-2.455059818,-2.714726812
3/3/2020,4.527648449,4.220259078,3.846114055,3.725021154,3.036175464,1.441000021,-13.11787072,3.996595611,4.144350904,4.291439419,3.842641524
3/4/2020,-3.578993433,-3.392207712,-3.099325964,-3.204696165,-3.420846831,-1.665808523,23.85120038,-3.332703382,-3.349811737,-3.092269809,-3.039658733
3/5/2020,-0.981958032,-1.705385193,-1.864943085,-1.913757013,-2.00159425,-3.909822479,5.855628618,-1.857413768,-1.67715926,-0.82728951,-1.31757129
3/6/2020,-7.785721822,-7.596969728,-7.287402339,-8.529776577,-9.36918016,-8.446599061,29.85217048,-8.028415946,-7.716242495,-6.392570542,-7.182332256
3/9/2020,4.8934622,4.939630596,4.950140306,4.379722286,2.852059073,-1.657616983,-13.14726429,4.960279232,5.132066295,4.310255396,5.208321796
3/10/2020,-5.855504337,-4.886844491,-4.700245019,-5.223144357,-6.410539156,-0.15326221,13.95349501,-5.062934127,-4.95811548,-4.969046456,-4.007536677
3/11/2020,-9.988449527,-9.511268089,-9.434674309,-9.989275299,-11.18168073,-12.40139841,40.01854954,-9.72393175,-9.671761105,-8.834059256,-9.233770072
3/12/2020,9.362934105,9.287124973,9.34599817,7.862035138,7.765394709,1.602607243,-23.37352427,9.101850476,9.34299042,8.231036797,8.441547535
3/13/2020,-12.92654551,-11.98405525,-12.32133129,-11.83413843,-14.27201708,-5.245508618,42.98806699,-11.38085055,-11.73880699,-10.66381097,-10.22953712
3/16/2020,5.195335529,5.995484949,6.230492335,5.182424982,6.659787075,3.270113459,-8.199295968,5.014107645,6.547097813,6.712455172,4.613642991
3/17/2020,-6.302382322,-5.183076244,-4.702798872,-6.744871686,-10.4246718,-5.717444458,0.711359467,-5.762844648,-5.4663403,-3.520579328,-3.188080185
3/18/2020,0.946129397,0.470780807,2.299626853,0.817402598,6.819285367,2.861071164,-5.820794211,0.738192999,0.0863073,-0.353770003,1.042816516
3/19/2020,-4.546225773,-4.335951242,-3.79074222,-3.468329744,-4.237070602,3.847467034,-8.277776389,-4.080273299,-4.356895571,-5.427072947,-0.977746302
3/20/2020,-3.035628319,-2.929386802,-0.274003098,-3.895478311,-1.133258128,-2.470471297,-6.738341812,-2.847461447,-3.070134195,-4.27974466,-0.271476364
3/23/2020,11.3650412,9.382773987,8.121509231,10.03648517,9.391461766,9.236224901,0.129887969,9.489757709,9.536391677,8.964589364,3.277779545
3/24/2020,2.393831324,1.153501167,-0.452422378,3.137808234,1.261235843,3.131725147,3.697102439,1.379263622,1.282677552,1.439735506,0.376535339
3/25/2020,6.375396352,6.241416298,5.596200654,5.7712927,6.299697517,1.701348426,-4.612980381,6.070880778,6.010068657,5.973549305,1.822080368
3/26/2020,-4.058991344,-3.368735232,-3.78529837,-3.313031762,-4.094648757,-4.183262955,7.44262459,-3.188146885,-3.071935236,-2.220503442,-2.368421543
3/27/2020,3.192255014,3.351600923,3.622450785,2.429814188,2.325988413,1.354890379,-12.90814597,3.033165472,3.233707798,3.529289028,2.964980722
3/30/2020,-1.837736746,-1.601272174,-0.9525132,-1.273343792,-0.4506501,0.769439912,-6.201823539,-1.429875298,-1.485082157,-1.823182431,0.890044002
3/31/2020,-4.442411257,-4.414243037,-4.409293589,-4.436286837,-7.034080972,-3.825033433,6.574523598,-4.615630195,-4.505538818,-3.9462371,-1.920085751
4/1/2020,2.243796251,2.28293471,1.721739043,2.209485331,1.289197579,0.305560603,-10.77812985,2.08197567,2.33914938,2.608009303,1.216920962
4/2/2020,-1.685437581,-1.513712513,-1.525647797,-1.80613744,-3.109200336,-0.948487816,-8.073072088,-1.704912053,-1.477696111,-1.35427528,-0.067912639
4/3/2020,7.730477008,7.033131894,7.3261127,6.422772217,8.243902472,4.993634279,-3.333326994,6.994647537,6.802030359,6.615597522,2.50035503
4/6/2020,-0.115215477,-0.160305296,-0.328316432,0.207316281,0.034248493,2.206745839,3.227230184,0.113645693,0.053385977,-0.391901898,0.127609598
4/7/2020,3.441845935,3.405645275,2.581887018,3.469188725,4.607739668,-0.223955256,-7.173453808,3.510898861,3.394069799,2.941459658,0.56062917
4/8/2020,1.219612821,1.44874102,0.774699684,2.146467136,4.621279931,1.456193861,-3.875432705,1.871336172,1.48454424,1.310404381,-0.506850525
4/9/2020,-1.385364037,-1.010466063,0.476353254,-1.679865534,-2.782474277,0,-1.199904065,-1.191169819,-0.970008291,-1.571898824,0.713201116
4/13/2020,2.389789845,3.057258922,3.946578851,2.033602506,2.086557885,0.862487449,-8.282730546,3.035603286,3.053047045,3.166621402,0.101162771
4/14/2020,-1.859768788,-2.203043882,-1.439223633,-2.938367262,-4.31170164,-3.754276919,8.15678539,-2.347052417,-2.176908066,-2.202561238,-0.20212107
4/15/2020,0.141803877,0.581668968,1.658259077,-0.238748065,-0.49747581,0.147786734,-1.787460823,0.469130712,0.505405441,0.642186493,-0.40504966
4/16/2020,2.994392631,2.679359493,1.380383518,3.60749375,4.32989088,2.700586639,-4.88655934,2.830459752,2.759904622,2.938792939,1.626832897
4/17/2020,-2.442202824,-1.788104821,-1.03361544,-1.823740778,-1.281425458,0.733994067,14.88859686,-1.620776106,-1.801900171,-2.104068447,-1.066148686
4/20/2020,-2.67038841,-3.067479551,-3.475170735,-2.70304162,-2.329089756,-4.061175872,3.604832142,-3.103271981,-3.055708707,-2.684377791,-2.042880155
4/21/2020,1.985063726,2.29302477,2.809426832,1.887827624,1.386397191,1.560534103,-7.553402334,2.257240262,2.199648713,2.089449092,1.668400971
4/22/2020,0.168000319,-0.05394222,-0.007414418,0.074438041,1.043681236,0.619424304,-1.429249643,0.01433179,-0.019490489,-0.430885246,0.205122155
4/23/2020,1.105706539,1.391805716,1.645363678,0.927211441,1.564172205,-1.521139423,-13.17061592,1.490515413,1.450744147,1.262168236,1.228264001
4/24/2020,1.507910417,1.471406972,1.107654278,2.241256902,3.960095216,2.599437473,-7.34761759,1.772221091,1.445373359,1.522433954,0.758337315
4/27/2020,-0.133541107,-0.524238039,-1.402376186,0.487005157,1.263765012,1.733810168,0.841090392,-0.312193028,-0.462294731,-0.035076941,-0.953348338
4/28/2020,2.208607234,2.658391621,3.566323238,2.63726308,4.828674359,2.183448419,-6.970509383,2.832483698,2.577275825,1.368545666,1.77304878
4/29/2020,-1.169685463,-0.921244626,-0.282231908,-2.116420617,-3.681764281,-2.274643675,9.349990394,-1.29939858,-0.872138389,-1.687588444,-0.09955726
4/30/2020,-2.554992138,-2.805903418,-3.201507571,-2.759058692,-3.828609456,0,8.901894061,-2.763314327,-2.725574952,-2.095071337,-1.195801363
5/1/2020,0.109891478,0.424982749,1.229057271,-0.020708283,0.27687794,-3.806441909,-3.280446445,0.380799729,0.31560366,0.03597685,0.857304433
5/4/2020,0.561395481,0.904055633,1.129760449,0.715612449,0.754767852,2.110078269,-6.561022892,0.92728404,0.920808566,0.943721703,0.749962709
5/5/2020,-0.914660626,-0.697941021,0.513893901,-1.216033122,-0.82449293,-1.117903654,1.517399538,-0.549874916,-0.672918629,-1.059561435,0.248152057
5/6/2020,0.892682054,1.15046306,1.414784225,1.106179964,1.577188133,1.295471062,-7.854625084,1.308800639,1.182691479,1.007923262,0.148506419
5/7/2020,1.907487746,1.687153884,1.577567019,2.092041246,3.640881345,0.955009653,-11.00509189,1.879099598,1.671966579,1.416603661,0.642622241
5/8/2020,-0.449338867,0.013307802,0.778610207,-0.642659353,-0.63175182,-0.837661096,-1.46533238,0.013570447,0.014892296,-0.114213498,0.343813362
5/11/2020,-1.887586167,-2.050031746,-2.064654291,-2.001441639,-3.458868286,0.015602982,19.84040987,-2.128954693,-2.012506731,-1.855754175,-0.146866673
5/12/2020,-2.17468291,-1.746272454,-1.548226736,-2.045479716,-3.315461507,-2.553564359,6.779654758,-2.009016467,-1.772906013,-1.783311811,0.049032927
5/13/2020,1.623234758,1.15248227,0.908814856,0.904661018,0.348676181,-1.790399321,-7.568021756,1.074588117,1.20585247,0.620433703,0.293972951
5/14/2020,0.25430355,0.392636319,0.792062421,0.182203804,1.570840793,0.379315169,-2.207917749,0.601521817,0.450622355,0.562204875,0.097703761
5/15/2020,3.850255651,3.150119166,2.44349717,4.155447571,6.101874447,5.095460876,-8.121668489,3.316425337,3.0565588,3.255191987,0.907023665
5/18/2020,-1.587607861,-1.04843993,-0.538509843,-1.344129488,-1.947226953,-0.319374609,4.197959188,-1.06326471,-0.944363702,-1.536985762,-0.244243843
5/19/2020,1.524530755,1.665110026,2.075978183,1.520764267,2.998354684,1.371532014,-8.319688558,1.850085448,1.631157465,1.188463929,0.685587966
5/20/2020,-0.414150645,-0.777359619,-0.969523467,-0.599301139,0.046773401,0,5.50196856,-0.601044641,-0.718213715,-0.525900535,-0.145897429
5/21/2020,-0.036605955,0.235371119,0.427684165,-0.172926131,0.59143709,-1.25475968,-4.639353043,0.282181416,0.225141159,0.158609356,0.048691219
5/22/2020,2.16613836,1.228918425,0.167620059,2.391731354,2.76939029,0.937953189,-0.532670455,1.393540798,1.285219023,1.310812815,0.292110634
5/26/2020,2.213073557,1.482729712,0.772365395,2.021289951,3.107528026,1.729119821,-1.392356301,1.57922482,1.457979269,1.528303508,0.097109403
5/27/2020,-0.577843074,-0.210791476,-0.460778342,-0.275565226,-2.484749044,1.422115837,3.511944116,-0.344758878,-0.197104086,0.282249825,-0.097015192
5/28/2020,-0.069018929,0.481233611,1.290212499,-0.01660293,-0.473345241,-1.430617211,-3.777544596,0.332909186,0.448833312,0.375260336,0.291280872
5/29/2020,0.362091794,0.375123453,0.655221697,0.824285771,0.81274251,0,2.617230098,0.676598389,0.436102179,0.050985608,0.338809239
6/1/2020,1.050561942,0.821083282,0.589717172,1.228293876,0.913635985,3.567637229,-4.923839887,0.756055259,0.822156203,0.874734982,0.241201374
6/2/2020,2.048119467,1.364897919,0.775679916,2.12329043,2.388927305,3.500138249,-4.396423249,1.558496744,1.320230944,1.372286027,0.096236926
6/3/2020,0.04541202,-0.336870206,-0.692979537,-0.123636202,-0.002059583,-0.242237277,0.584563523,-0.315757839,-0.254322487,-0.647791405,0.048080013
6/4/2020,3.154881002,2.621165082,2.061922156,2.884841902,3.793917797,3.75942753,-4.998059086,2.565716409,2.556839934,2.181724679,0.048067321
6/5/2020,1.702111012,1.204157944,1.127664754,1.543804917,1.973260162,-0.531869308,5.261007341,1.35887043,1.212497282,0.924419829,0
6/8/2020,-1.088545946,-0.779917084,0.292198796,-1.691102664,-1.941581096,-1.354015176,6.819066518,-0.914072211,-0.710031096,-1.248287773,0.096041618
6/9/2020,-1.03515486,-0.531309105,0.669090634,-1.34949515,-2.631633503,-0.81307914,0,-0.744169842,-0.623597061,-0.517107253,0.095980661
6/10/2020,-6.898188165,-5.894405929,-5.265476361,-6.346179297,-7.576039285,-4.528021434,47.95067465,-5.898755829,-5.76359326,-5.264022994,-0.767005129
6/11/2020,1.899736998,1.306084398,1.012133456,1.784003504,2.319688817,0.291611311,-11.52243414,1.382769055,1.205122761,0.670607121,0.241529963
6/12/2020,0.615574203,0.831221694,1.430938429,0.638233332,2.300957696,-0.549826176,-4.682732059,1.071628111,0.911861354,0.67480377,0.5301232
6/15/2020,2.044859054,1.896239808,1.746352508,1.830036131,2.29992923,3.387641988,-2.122104528,1.921358206,1.956066227,1.804589788,0.095873044
6/16/2020,-0.648045723,-0.360029956,0.148144184,-0.616533155,-1.771719997,0.758950511,-0.593991719,-0.48547323,-0.458790857,-0.312319333,0
6/17/2020,-0.151264766,0.059421999,0.3281311,-0.115007663,0.05607502,-0.531335368,-1.583513547,0.082359438,0.090779093,-0.067742229,0.19157281
6/18/2020,-0.799991849,-0.564949492,0.030878976,-0.765947723,-0.609526267,0.590793458,6.618093704,-0.563402047,-0.589545552,-0.660903733,0.286799407
6/19/2020,0.593317866,0.649509548,1.109581934,0.407258346,1.050310789,-0.838461845,-9.538721798,0.693918446,0.663218128,0.452060432,0.524776387
6/22/2020,0.503895746,0.430741969,0.744690434,0.405939336,0.405288824,1.762665093,-1.25904627,0.391983734,0.453189561,0.407579386,0.478918242
6/23/2020,-2.715084308,-2.585514596,-2.193189987,-2.907830341,-3.446022286,-3.113526874,7.873761305,-2.714280772,-2.557594584,-2.342485539,-1.048602295
6/24/2020,1.177634477,1.095944739,1.088184771,1.181681148,1.696005668,0.713045636,-4.787231087,1.209522177,1.057729136,0.796674671,0.674364233
6/25/2020,-2.835625657,-2.422690506,-2.59339396,-2.19703531,-2.443202734,-0.457918687,7.790189082,-2.325878177,-2.343551404,-1.623714299,-1.435390147
6/26/2020,2.319557163,1.46856783,1.198401463,1.487797286,3.077353248,0.86918293,-8.494094443,1.466918543,1.459333938,1.484509847,0.825239139
6/29/2020,0.848108172,1.540987579,1.869721775,0.990909412,1.418512011,0.06342931,-4.247957701,1.478114105,1.333559051,1.36678477,1.107349174
6/30/2020,-0.301826659,0.502213271,0.953002767,0.065324328,-0.975456409,-0.173778455,-5.948074269,0.581359658,0.684480447,0.017062255,0.857143222
7/1/2020,0.359000494,0.454125106,0.521929412,0.755949666,0.318776286,2.838518125,-3.284419871,0.400155748,0.504605026,0.55461167,0.188851865
7/2/2020,1.779779014,1.588172589,2.214231027,1.405078269,0.76962972,1.689244956,0.939309971,1.575247103,1.551557708,1.086125578,0.565507881
7/6/2020,-1.509678422,-1.081853223,-0.860300467,-1.396957085,-1.862941125,-0.849842233,5.33285235,-1.015198529,-1.036874536,-0.545619728,-0.187440949
7/7/2020,0.684041637,0.78274619,1.436696998,0.802742944,0.805086441,-1.067870831,-4.587155963,0.817965705,0.742431803,0.346048676,0.375585899
7/8/2020,-1.385604723,-0.564360598,0.526566595,-1.305267905,-1.995234659,-0.758353098,4.202279202,-0.617850798,-0.509675743,-0.639245644,0
7/9/2020,1.436278093,1.04662012,0.660713707,1.231911766,1.698453754,1.074769173,-6.732737526,1.073839279,1.003802608,0.905778853,0.093552658
7/10/2020,0.040267992,-0.936254102,-2.134229879,-0.504407702,-1.34324706,1.631566748,17.95528699,-1.081077604,-0.90472405,-0.377512308,-0.327093179
7/13/2020,2.134452638,1.340637084,0.940638442,0,1.759090387,-0.854033045,-8.294498549,1.312733192,1.338353152,1.684206179,0.468814443
7/14/2020,0.853932618,0.908205072,0.59026251,3.134920838,3.501463995,1.710731646,-5.962059621,1.239931324,0.887284921,1.002071134,0.09332937
7/15/2020,-0.503863674,-0.340610148,-0.726602786,-0.332571187,-0.724492877,-0.380670922,0.864553314,-0.447029141,-0.290908697,-0.040994999,0.186474694
7/16/2020,-0.234757425,0.284861216,0.280321065,0.426149083,0.392480496,0.007428648,-8.285714286,0.381368594,0.26461421,0.615206155,-0.09307379
7/17/2020,0.033443083,0.840693893,2.512564309,-0.078690393,-0.36448261,0.675659298,-4.75078271,0.765985231,0.832354954,-0.236421646,1.053823795
7/20/2020,0.597923738,0.167903736,-0.805505417,0.933586713,1.332474516,0.502016018,1.553560979,0.285809225,0.208041352,0.514828086,-0.60520098
7/21/2020,0.61638221,0.574708216,0.241279602,0.482789763,0.176805869,-1.015757176,-2.093397746,0.521499965,0.569263797,0.894313471,0.234173899
7/22/2020,-1.309012303,-1.231986,-2.285699535,-0.463042966,0.004022172,0.029072969,7.236842105,-1.091868413,-1.195354879,-0.556009724,-1.214956661
7/23/2020,-0.68451596,-0.619039996,-0.939071701,-0.392377537,-1.519923684,-1.804709058,-0.920245399,-0.774584953,-0.647017043,-0.413249715,-0.473020457
7/24/2020,0.433998416,0.73951387,1.670238751,0.733038202,1.165205576,-0.24313116,-4.256965944,0.860533154,0.729253914,0.317328589,1.093161131
7/27/2020,-0.772962255,-0.647339224,-1.273502795,-0.493185019,-1.00293091,0.021798542,2.829430073,-0.731305657,-0.619594775,-0.446105751,-0.23509461
7/28/2020,0.607639861,1.242838168,1.354060464,1.428206323,2.100342559,-0.102923723,-5.267299321,1.326047272,1.209649458,0.969535063,0.706895773
7/29/2020,-0.851256894,-0.375025172,0.425584687,-1.076116275,-0.368513823,-2.786530455,2.738589212,-0.224178393,-0.36492854,-0.387319167,0.046793932
7/30/2020,0.435781126,0.767050484,1.487181649,-0.544394337,-0.981200069,-1.056040257,-1.211635703,0.510084598,0.836674858,-0.356420749,0.935460786
7/31/2020,0.893284459,0.718102337,1.466043021,0.575687752,1.781238832,2.329946553,-0.735887193,0.869993997,0.629785178,0.585320677,0.509738998
8/3/2020,0.615315963,0.361193058,0.351929025,0.600637519,0.690862202,0.185021302,-2.141684426,0.395297348,0.420544514,0.468761534,0.230503106
8/4/2020,1.39049606,0.642974312,0.523074492,0.947021947,1.913382442,0.432962146,-3.240740741,0.727835408,0.623222778,0.675728068,0.275994969
8/5/2020,0.681803595,0.642769539,0.997144295,-0.018692799,-0.104769959,-0.856387293,-1.478903871,0.485672235,0.671802293,0.327605658,0
8/6/2020,0.169788707,0.063302949,-0.874047798,0.288077873,1.590038914,0.37834981,-1.942609272,0.082512646,0.052079739,0.597322273,0.045861189
8/7/2020,1.304825264,0.274221847,-0.387069227,0.61241319,0.987139109,0.217055607,-0.360198125,0.276796134,0.318843478,0.498781024,0.137549713
8/10/2020,-0.376120486,-0.796913236,-1.69159321,0.042121993,-0.603915499,2.221368062,8.585639791,-0.804606779,-0.807539273,-0.204821104,-0.61813807
8/11/2020,1.047172423,1.399654972,2.127642995,0.975921835,0.517428997,0.932133714,-7.282563159,1.338074597,1.369949299,1.17618826,0.621982782
8/12/2020,-0.286376665,-0.204717435,0.274783017,-0.429136156,-0.218535354,-0.604482496,-0.673258498,-0.075956383,-0.170946707,-0.163842056,0.091588437
8/13/2020,0.122949319,-0.017188263,-0.210099117,-0.12888147,-0.120904294,-1.13077308,-0.361500242,-0.029232709,0,0.023440815,0.201276177
8/14/2020,-0.308292989,0.270984234,1.002156815,0.260494881,0.481023017,0.024206865,-3.174598783,0.426949706,0.323091105,0.328150477,0.210006377
8/17/2020,-0.240043306,0.230338914,0.728763156,-0.199289224,-0.990239569,-0.490349064,0.74941452,0.151417375,0.209329196,-0.054512207,-0.045552627
8/18/2020,-0.306678805,-0.440439523,-0.574264586,-0.390773859,0.146513564,0.850555833,4.788475128,-0.389595659,-0.424221783,-0.35063248,0
8/19/2020,0.169175646,0.315863274,1.063030185,-0.365629628,-0.494246266,-1.315404882,0.798571393,0.286038511,0.316301179,-0.164199983,0.136725
8/20/2020,0.687099715,0.344110694,0.415888301,-0.02957996,-0.755613925,-0.434638577,-0.792244753,0.250307525,0.357114132,0.21929945,0.409658459
8/21/2020,1.353835987,1.004371825,0.600434265,1.278856045,1.029964393,2.208451262,-0.754214696,0.958068114,1.016260117,0.89090553,-9.63E-06
8/24/2020,-0.212026663,0.359635119,0.76232106,0.224393899,0.1746919,-0.060929995,-1.519892646,0.333588068,0.349089215,0.069713195,0.320518344
8/25/2020,0.29552241,1.019562606,1.731917911,0.311873831,-0.701371572,0.812384542,5.628683358,0.905706564,1.021504111,0.40250857,0.730252135
8/26/2020,0.56596803,0.16730442,-0.340501699,0.201414225,0.280101665,-0.766214174,5.156850021,0.238588888,0.200362319,0.732391295,-0.135917141
8/27/2020,0.567170017,0.673256537,0.604627821,0.78163501,0.88075283,-0.465320135,-6.170821666,0.697088753,0.649851095,0.773003123,0.362977168
8/28/2020,-0.781110428,-0.219496266,0.682563306,-0.951793585,-1.042865375,-1.297828664,15.02613741,-0.225126555,-0.350773093,-0.8202354,0.090416102
8/31/2020,0.758385473,0.75250028,1.394509952,0.522326509,1.069221128,0.15492903,-1.098065127,0.88561658,0.934530379,0.727467633,0.406509663
9/1/2020,1.587814145,1.536591028,0.978004491,1.242971091,0.868507354,1.836414079,1.72281387,1.336306658,1.45669847,1.748522293,0.179927929
9/2/2020,-2.775792619,-3.512584363,-4.96283148,-2.339434082,-2.990032207,-1.005163591,26.45840422,-3.47604979,-3.461696317,-2.869101179,-1.571619633
9/3/2020,-0.563466019,-0.813302736,-1.265216144,0,-0.607245816,-1.32042913,-8.48213741,-0.85172729,-0.800354073,-0.692298727,-0.364973867
9/4/2020,-2.247939932,-2.775634209,-4.114152828,-2.144580751,-2.000265878,-1.409141932,2.308939837,-2.807721505,-2.747596467,-1.71185613,-2.701451927
9/8/2020,1.598421244,2.014498632,2.709047994,1.558388999,1.45488236,1.758599698,-8.423395055,1.957528767,1.97275078,1.851999845,2.305877249
9/9/2020,-1.452697878,-1.758479673,-1.992268,-1.389974838,-1.227004628,-0.362727048,3.123915416,-1.640680698,-1.748830555,-1.446918835,-1.471934582
9/10/2020,0.475985276,0.05330724,-0.604784978,0.522162788,-0.695074117,0.091767282,-9.55906461,0.035487897,0.074999049,0.533877432,-0.186746657
9/11/2020,1.184463636,1.274182898,1.871282573,1.24990128,2.651489075,0.029554769,-3.79605866,1.561020834,1.299747697,1.226073134,1.964451996
9/14/2020,0.008107399,0.521935955,1.208954948,0.266682777,0.076777883,0.466413937,-1.005802708,0.57057196,0.514522809,0.470606872,1.100919767
9/15/2020,0.131382255,-0.461894661,-1.249746049,0.236602444,0.921882247,0.197465923,1.758503322,-0.32998109,-0.403109811,-0.076781839,-1.134308422
9/16/2020,-0.465177719,-0.841236574,-1.268628913,-0.380140697,-0.626798443,-0.666998701,1.612895483,-0.824766601,-0.873735486,-0.630136754,-1.376771678
9/17/2020,-0.876498882,-1.118258179,-1.072383083,-0.887209514,-0.377281673,-0.991389488,-2.380948692,-0.97218164,-1.163349131,-0.757870902,-1.209862706
9/18/2020,-1.842979947,-1.15710979,-0.134161883,0,-3.353116778,-3.737867832,7.549365079,-1.206453138,-1.085247533,-1.418214293,0.342554712
9/21/2020,0.51746731,1.051794493,1.714846238,-1.800202659,0.788416832,0.100600517,-3.311734942,0.993705445,1.010972834,0.782538156,0.616411477
9/22/2020,-1.924088873,-2.372145495,-3.01587269,-1.931197062,-3.039493452,0.505043238,6.403570126,-2.412422711,-2.316730344,-1.599998607,-1.225265343
9/23/2020,0.195450205,0.298745914,0.369409697,0.051620684,0.02480158,-0.643695134,-0.244926522,0.212589995,0.275456216,0.087679241,0.143126106
9/24/2020,1.336996493,1.597672376,2.260906533,0.969143633,1.590423665,-0.714633147,-7.471066293,1.609102932,1.601350768,1.250300124,1.619823824
9/25/2020,1.509163901,1.611059028,1.868965865,1.539081372,2.402175806,2.745560505,-0.720235054,1.814799936,1.675012255,1.329241355,0.656348753
9/28/2020,-0.476363481,-0.481266456,-0.290354712,-0.590811709,-0.371438625,-0.275810367,0.305456269,-0.558862689,-0.570262625,-0.445925549,0.139726281
9/29/2020,1.198568959,0.825371814,0.74206505,0.787533428,0.196710442,-0.643684214,0.380666159,0.751301717,0.769732571,0.75176653,0.279082004
9/30/2020,0.126706332,0.529290782,1.4237731,0.196429009,1.559339846,0.015029418,1.251422023,0.833777431,0.633843541,0.3886171,0.231922696
10/1/2020,-0.48204452,-0.957765219,-2.220368323,0.180329094,0.529003282,-0.098937598,3.483138446,-0.780295577,-0.930237394,-0.4722793,-0.509047403
10/2/2020,1.682741271,1.797270874,2.324787801,1.567557986,2.771383788,0.917915455,1.194354006,1.80175372,1.747520228,1.4858035,0.883743541
10/5/2020,-1.335342847,-1.39735157,-1.569739936,-0.863116027,-0.295198495,0.406185854,5.436341396,-1.233717458,-1.397071419,-1.011813504,-0.414936664
10/6/2020,1.910869415,1.739675466,1.882631447,1.592554198,2.139745967,0.004017041,-4.816828358,1.745274012,1.715841341,1.610661258,0.555531594
10/7/2020,0.431215208,0.801012373,0.496109515,1.136683393,1.086876153,0.690600337,-6.058439275,0.877742678,0.884986932,0.739217364,0.230219063
10/8/2020,0.567766863,0.879353328,1.391824121,0.470335942,0.552638834,0.533212121,-5.15933592,0.841675991,0.889887218,0.89264929,0.183731179
10/9/2020,0.876692249,1.641581293,2.558902075,0.545175213,0.702268612,0.763797206,0.28,1.483191326,1.613413598,0.869760662,-0.229254715
10/12/2020,-0.546888174,-0.630691898,-0.104067907,-0.847437318,-0.739824301,-0.573968665,3.988831272,-0.527922019,-0.639446185,-0.349357909,0.2297815
10/13/2020,-0.578143802,-0.662314182,-0.802180724,-0.520665292,-0.928609966,-0.180224754,1.265822785,-0.664802057,-0.624898434,-0.432648367,0.045850943
10/14/2020,-0.069442313,-0.152775531,-0.466153526,-0.044967542,1.062496886,-2.462059075,2.159087121,0.033742052,-0.118882664,0.082410224,-0.137475477
10/15/2020,0.393453163,0.013491964,-0.361200411,0.244117399,-0.309354314,1.653152388,1.631446112,-0.179900863,-0.084577042,0.441641242,-0.137693395
10/16/2020,-1.436363576,-1.632986186,-1.650847822,-1.14516576,-1.235153003,-0.091202847,6.457497264,-1.430592318,-1.511014069,-1.579960336,-0.89588236
10/19/2020,0.402083535,0.472733398,0.327648267,0.565735951,0.25284334,-0.451498776,0.582590816,0.348549824,0.394692351,0.378623259,0.374714714
10/20/2020,-0.34607185,-0.219569976,-0.276124091,-0.397415494,-0.861089586,-1.461340274,-2.385008518,-0.341642511,-0.180720133,-0.196138426,-0.046655464
10/21/2020,0.541777379,0.521892521,0.185632657,0.811265225,1.650473913,-0.292075302,-1.884813264,0.708492182,0.549487846,0.264546359,0.18672821
10/22/2020,-0.09903462,0.344576154,0.367377639,0.410320695,0.628737924,0.865551782,-1.992180648,0.329058577,0.341153705,0.369392094,0.279599091
10/23/2020,-2.294605144,-1.858951633,-1.639550119,-1.996011298,-2.1511758,-2.926358261,17.82214221,-1.815197081,-1.841648485,-1.847683147,-1.208179587
10/26/2020,-0.802558604,-0.302561889,0.637464202,-0.916171623,-0.903308623,-1.11584903,2.74183311,-0.403159694,-0.330344057,-0.780518048,0.705549144
10/27/2020,-3.434561873,-3.528787895,-3.730788635,-3.139758722,-2.981683221,-3.486616804,20.77961444,-3.313479668,-3.443054199,-2.961597293,-3.129375178
10/28/2020,0.524737641,1.194733086,1.642179554,0.699695359,1.185781365,-0.11843977,-6.678249918,0.944976455,1.053085987,0.492766764,1.639333184
10/29/2020,-0.590829063,-1.212954999,-2.449580253,-0.583572776,-1.4792695,-0.06148816,1.143921256,-1.06054463,-1.124560679,-0.553626021,-1.850087033
10/30/2020,1.597832502,1.231820251,0.421758045,1.873309684,1.95712563,2.073215857,-2.340870594,1.041967045,1.164035834,1.487197174,0.028983529
11/2/2020,2.061197658,1.779929014,1.85222831,1.700184679,2.914087428,2.622251435,-4.255324421,1.920231777,1.763873572,2.021792705,1.758813875
11/3/2020,1.337811016,2.204704761,3.854730967,0.788199515,0.048312394,2.012124283,-16.821376,2.180615441,2.251657055,1.244331859,3.466282494
11/4/2020,1.948169178,1.946019421,2.589553144,1.69636156,2.784388032,1.723783081,-6.72979371,2.065785193,1.958117532,1.646298022,1.376780767
11/5/2020,-0.235219705,-0.028771525,0.036168585,0.148114456,-0.7102219,-0.357947287,-9.862215373,-0.050186324,-0.012426692,0.2089928,0.226340159
11/6/2020,2.946575272,1.169988935,-1.525402946,2.972919903,3.444846605,6.362567996,3.580044104,1.18821878,1.246313553,1.154472214,-0.948498631
11/9/2020,0.901809051,-0.139979468,-1.365228963,0.707774886,1.875027581,1.018518855,-3.689324272,-0.165387167,-0.128934032,0.714233917,-0.91199895
11/10/2020,-0.079158174,0.765185537,2.012914549,0.122483593,-0.004033886,0.716893853,-5.443540542,0.81174972,0.703877809,0.292443988,1.656697779
11/11/2020,-1.079886126,-0.997853221,-0.651934861,-1.262756434,-1.639087762,-1.127681408,8.102340806,-0.985980938,-0.924826426,-0.889335835,-0.181083324
11/12/2020,1.374271973,1.361033524,1.022240715,1.548544846,2.081983799,0.112890644,-8.875739645,1.416256317,1.358601072,1.360690022,0.725628627
11/13/2020,1.596444812,1.164805131,0.801737414,1.605006729,2.368060714,0.994731819,-2.813848485,1.221901454,1.212720947,1.233578327,0.765413505
11/16/2020,-0.557887787,-0.479192575,-0.207898096,-0.23666407,0.368000948,0.065489945,1.158120216,-0.226344208,-0.498495029,-0.766964359,-0.044670401
11/17/2020,-1.158129262,-1.156382955,-0.82139208,-1.006869418,-1.26067088,0.394695719,4.975786216,-1.058659447,-1.213256374,-1.170178925,-0.268234323
11/18/2020,0.152217908,0.394644243,0.873698104,0.395260047,0.837048101,-0.867273903,-3.062076342,0.556827099,0.418556915,0.263112112,0.672347814
11/19/2020,-0.745338949,-0.679256288,-0.417819789,-0.261342182,0.067817984,0.452788614,2.553007246,-0.526604038,-0.669332996,-0.539439815,-0.311661628
11/20/2020,1.120130131,0.563593067,0.216450624,1.23844821,1.846151637,-0.131504755,-4.388189688,0.818649831,0.591148664,0.637640781,0.148882392
11/23/2020,1.537516674,1.616166821,1.314409737,1.794938234,1.937522909,1.297702033,-4.501328332,1.548200294,1.6198692,1.31091288,0.720707654
11/24/2020,-0.57834035,-0.15844183,0.478618899,-0.406469855,-0.45912442,0.111742998,-1.802213577,-0.037307511,-0.164798915,-0.40975646,0.313063095
11/25/2020,0.126867437,0.239697939,0.921494364,0.048760758,0.555549527,0.479931252,-1.929411765,0.3519562,0.285124084,0.115487315,0.17832255
11/27/2020,-0.908475969,-0.459554868,-0.058245638,-1.352537515,-1.910777063,-0.999209126,-1.295585413,-0.786482133,-0.44891507,-0.245121568,0.311544161
11/30/2020,0.625127513,1.127118709,1.281854642,1.000821674,0.891852133,0.936279918,0.972289742,1.269424797,1.100284227,0.701070383,0.266185216
12/1/2020,0.200742026,0.179116687,-0.046460411,0.294066909,0.107839108,-0.111195891,1.925854598,0.084614305,0.211125363,-0.294276965,0.13274379
12/2/2020,0.286879511,-0.06241572,0.225190198,0.203967888,0.580508579,-0.119840569,0.519607936,0.200822574,-0.029668615,-0.287928175,0.176755584
12/3/2020,0.829977387,0.8836275,0.703316775,1.407806572,2.366527893,0.630346632,-2.302631471,1.002051706,0.860762291,0.931268591,0.088219604
12/4/2020,-0.491327774,-0.19356376,0.447037032,-0.432537444,-0.063407278,-0.259656425,2.453092715,-0.109647853,-0.185399698,-0.464912196,0.132217266
12/7/2020,0.346167363,0.278714805,0.501753881,0.328807346,1.402777475,-0.119259646,-2.910793564,0.43387513,0.288933341,0.265881905,0.088029952
12/8/2020,-0.348216103,-0.79492017,-1.937723928,-0.195038971,-0.815005098,0.089336898,7.688588008,-0.983709863,-0.887814556,-0.336849594,-0.439753663
12/9/2020,-0.231305395,-0.128510788,0.541856268,0.140946522,1.080352587,-0.190136666,1.122586439,0.147176096,-0.047462377,-0.56809975,0.132509262
12/10/2020,0.157035125,-0.126499738,-0.225212654,-0.271285835,-0.572112149,-1.035399223,3.507988455,-0.178458233,-0.127605261,0.339919912,0.132333907
12/11/2020,-0.615110462,-0.435925905,0.502266718,-0.977760468,0.112990221,0.519813662,6.048906308,-0.283939851,-0.457582442,-0.562204329,0.220266525
12/14/2020,1.131085818,1.292124917,1.246133698,1.318266281,2.398295871,0.500577609,-7.402912921,1.371017433,1.382048548,1.26848675,0.219777933
12/15/2020,-0.148253332,0.177279525,0.501235105,0.045965628,-0.359229649,0.610535283,-1.703796492,0.140448608,0.153103793,-0.042950543,0
12/16/2020,0.493557795,0.575765459,0.841823091,0.748077484,1.297168994,0.504378126,-2.533333333,0.784375055,0.543862354,0.830648589,0.131574896
12/17/2020,-0.410246001,-0.351111841,-0.071371175,-0.336922671,-0.407474978,-0.424899716,-1.641586867,-0.283476594,-0.400569957,-0.085219331,-0.219003341
12/18/2020,0.12392185,-0.390627899,-0.102857382,-0.614955827,0.017257245,-2.737370994,16.64348632,-0.28944524,-0.308249825,-0.697011979,-0.087793607
12/21/2020,-0.665000217,-0.207309283,0.513245366,-0.399960821,0.992222086,1.415325834,-3.696343402,0.020728727,-0.197214132,-0.316434369,0.175741504
12/22/2020,0.380870799,0.074581125,-0.287396941,0.539616222,0.865377357,1.19428562,-3.796950062,0.171033539,0.079987259,-0.043285477,-0.131579371
12/23/2020,0.232457544,0.353658905,0.263251323,-0.111955985,-0.1569441,0,-7.636199384,0.167277581,0.399634708,0.490792483,0.307421545
12/24/2020,0.675835915,0.87225288,0.739488061,0.161790586,-0.384238688,1.021397182,0.789595876,0.632707165,0.869790354,0.603326168,0.788093615
12/28/2020,-0.22464428,-0.222738043,-0.381414012,-0.054489342,-1.847965686,0.166699907,6.359442103,-0.417438172,-0.210449865,-0.221326469,-0.086882729
12/29/2020,0.243576704,0.134154717,0.153929454,0.552583619,1.052895086,-0.273080656,-1.343154246,0.269111427,0.134740613,0.314826857,0.175664333
12/30/2020,0.647559249,0.643884544,0.142037863,0.326847866,-0.259092471,0,-0.08783487,0.459354323,0.53824659,0.691869487,-0.043834645
12/31/2020,-1.250028877,-1.475482752,-1.472889121,-1.019632711,-1.465924229,-0.201596343,18.54944615,-1.423142219,-1.35587389,-1.345890789,-0.482459006
1/4/2021,0.5548888,0.708259514,0.949011605,1.111729923,1.706140079,-0.464028782,-6.043748834,0.807840225,0.657762147,0.323111214,0.484797958
1/5/2021,1.440532212,0.570984297,-0.609799252,1.735693224,3.982089808,1.782205512,-1.065509077,0.899599844,0.606568874,1.259658594,-0.526312875
1/6/2021,0.686781012,1.484740367,2.564130081,0.946052276,1.89365828,0.314029148,-10.76984045,1.603806587,1.494190486,0.614934991,1.366832084
1/7/2021,0.183111383,0.54918628,1.029272631,0.255078811,-0.2494161,0.62472401,-3.620929655,0.484142939,0.562481218,0.351246912,0.260988202
1/8/2021,-0.287096708,-0.65547511,-1.253984441,-0.192893999,-0.031071112,-0.670222128,11.68831687,-0.597240652,-0.653503771,-0.301020638,-0.216921831
1/11/2021,0.19349415,0.041578845,0.276149228,0.484203186,1.76708628,-0.234496681,-3.11461794,0.353426743,0.008617183,-0.077236344,0.130439556
1/12/2021,-0.026453481,0.227564187,0.432364207,-0.177742648,-0.751423443,0.121261614,-4.800690099,0.110686761,0.249883671,-0.140536155,0.303946395
1/13/2021,-0.221990107,-0.375345124,-0.124233444,0.405573354,2.054012491,0.687406006,4.68258013,-0.095488493,-0.338077817,-0.569979589,-0.12987051
1/14/2021,-0.571962162,-0.719002796,-0.870455157,-0.99844568,-1.491643842,-1.148470676,4.688172043,-0.870262619,-0.712954135,-0.389244861,-0.433463184
1/15/2021,0.377292091,0.813637949,1.528481656,0.625546254,1.315935505,-0.201239641,-4.519309778,0.913428914,0.790459808,0.23445968,0.87508029
1/19/2021,0.833679265,1.393562554,1.970650686,0.733555322,0.440706996,0.796015976,-7.142857143,1.262191485,1.358799459,0.659195483,0.697467276
1/20/2021,-0.039665711,0.031672312,0.547364105,-0.5181759,-0.888642795,-0.157005467,-1.204819277,-0.074486768,0.093534283,-0.316876992,0.25974026
1/21/2021,-0.574253403,-0.301061149,0.089790072,-0.44749809,1.276727078,-0.440537415,2.767354597,-0.164000596,-0.356781625,-0.416782289,-0.086360104
1/22/2021,-0.119303456,0.361583876,0.68618663,-0.110687415,-0.253139581,-1.367696076,5.842085806,0.283741352,0.406363462,0.340495138,0.345721709
1/25/2021,-0.074163233,-0.148883369,-0.072826864,-0.454761319,-0.619890854,1.117045379,-0.733078882,-0.362360257,-0.150001138,-0.169664196,-0.086124035
1/26/2021,-2.048900477,-2.567788353,-2.60867758,-2.553509094,-1.914550434,-1.571190225,61.64204605,-2.401231553,-2.426303371,-2.471500479,-1.293107703
1/27/2021,0.990620631,0.97606259,0.501563976,1.254779431,-0.099105802,0.584217666,-18.81214778,0.78607165,0.839534942,1.488529615,0.524017467
1/28/2021,-2.028340178,-1.931147528,-1.99794951,-1.856361658,-1.565083823,-2.125365393,9.533270756,-1.75233834,-2.002135194,-1.946054892,-0.825369244
1/29/2021,0.764746448,1.605176756,2.545383657,1.382070752,2.5327454,1.419244848,-8.61287398,1.706272444,1.64324655,1.10908717,1.314056067
2/1/2021,1.574115342,1.389822371,1.562221427,1.181133651,1.188999419,1.688258106,-15.47619378,1.434364905,1.437371998,1.363931518,0.734976253
2/2/2021,0.11769992,0.100876901,-0.016456844,0.477225919,0.383929379,0.537258157,-10.36775862,0.149896563,0.099790731,-0.249185521,0.042918457
2/3/2021,1.081448041,1.085332214,1.228461138,0.918994343,1.978051209,0.896741242,-4.975993016,1.267279394,1.11936912,0.749413313,0.343200358
2/4/2021,0.297466761,0.389749519,0.570191988,0.628829509,1.403463331,0.374779045,-4.134124943,0.561659356,0.39998114,0.460466125,0.128264221
2/5/2021,0.762545589,0.739934842,0.947870967,1.04190388,2.526717056,0.266427865,1.772874855,0.896575862,0.737853492,0.719275097,0.128099915
2/8/2021,-0.031637558,-0.111352514,0.143416241,0.116835189,0.403535303,-0.119495704,1.836153484,0.038847237,-0.080766423,0.084012461,-0.042643921
2/9/2021,0.197510959,-0.034518476,-0.251075633,0.193513679,-0.720315746,-0.348519894,1.664359763,-0.043690418,-0.039016668,-0.08394194,-0.170652723
2/10/2021,-0.022589246,0.166245516,0.381028038,0.151824042,0.126186321,0.63891037,-3.365165985,0.237947369,0.161718151,0.259045715,0.213679487
2/11/2021,0.088134126,0.471103303,0.496943828,0.474010192,0.176782196,0.651750028,-6.023534118,0.51836402,0.509433493,0.111734639,0.042635393
2/12/2021,0.204554612,-0.056927236,-0.340320173,0.347568729,-0.719424347,0.833145113,7.461192161,-0.178326662,-0.094168955,-0.432474885,0.042625748
2/16/2021,0.286363122,-0.032040207,-0.583803282,-0.132462304,-0.73825776,-0.712478658,0.186397958,-0.207605741,0.022183472,0.210163927,0